<?xml version="1.0" encoding="utf-8" ?>
<Defs>

	<!--Not used but here to prevent errors for previous versions of game -->
	<RecipeDef ParentName="SurgeryFlesh">
		<defName>RemoveCompleteBodyPart</defName>
		<label>remove part</label>
		<recipeUsers>
			<li>Human</li>
		</recipeUsers>
		<description>Remove a body part.</description>
		<workerClass>Harvest_Everything.Recipe_RemoveCompleteBodyPart</workerClass>
		<jobString>Removing body part.</jobString>
		<workAmount>2000</workAmount>
		<surgerySuccessChanceFactor>1.2</surgerySuccessChanceFactor>
		<ingredients>
			<li>
				<filter>
					<categories>
						<li>Medicine</li>
					</categories>
				</filter>
				<count>1</count>
			</li>
		</ingredients>
		<fixedIngredientFilter>
			<categories>
				<li>Medicine</li>
			</categories>
		</fixedIngredientFilter>
	</RecipeDef>

	<RecipeDef Abstract="True" Name="SurgeryInstallOrgan" ParentName="SurgeryFlesh">
		<workerClass>Recipe_InstallNaturalBodyPart</workerClass>
		<workAmount>2500</workAmount>
		<skillRequirements>
			<Medicine>5</Medicine>
		</skillRequirements>
		<recipeUsers>
			<li>Human</li>
		</recipeUsers>
	</RecipeDef>

	<RecipeDef ParentName="SurgeryInstallOrgan">
		<defName>InstallNaturalStomach</defName>
		<label>install stomach</label>
		<description>Install a biological stomach.</description>
		<jobString>Installing stomach.</jobString>
		<ingredients>
			<li>
				<filter>
					<categories>
						<li>Medicine</li>
					</categories>
				</filter>
				<count>2</count>
			</li>
			<li>
				<filter>
					<thingDefs>
						<li>Stomach</li>
					</thingDefs>
				</filter>
				<count>1</count>
			</li>
		</ingredients>
		<fixedIngredientFilter>
			<categories>
				<li>Medicine</li>
			</categories>
			<thingDefs>
				<li>Stomach</li>
			</thingDefs>
		</fixedIngredientFilter>
		<appliedOnFixedBodyParts>
			<li>Stomach</li>
		</appliedOnFixedBodyParts>
	</RecipeDef>

	<RecipeDef ParentName="SurgeryInstallOrgan">
		<defName>InstallNaturalJaw</defName>
		<label>install jaw</label>
		<description>Install a biological jaw.</description>
		<jobString>Installing jaw.</jobString>
		<ingredients>
			<li>
				<filter>
					<categories>
						<li>Medicine</li>
					</categories>
				</filter>
				<count>2</count>
			</li>
			<li>
				<filter>
					<thingDefs>
						<li>Jaw</li>
					</thingDefs>
				</filter>
				<count>1</count>
			</li>
		</ingredients>
		<fixedIngredientFilter>
			<categories>
				<li>Medicine</li>
			</categories>
			<thingDefs>
				<li>Jaw</li>
			</thingDefs>
		</fixedIngredientFilter>
		<appliedOnFixedBodyParts>
			<li>Jaw</li>
		</appliedOnFixedBodyParts>
	</RecipeDef>

	<RecipeDef ParentName="SurgeryInstallOrgan">
		<defName>InstallNaturalEye</defName>
		<label>install eye</label>
		<description>Install a biological eyeball.</description>
		<jobString>Installing eyeball.</jobString>
		<ingredients>
			<li>
				<filter>
					<categories>
						<li>Medicine</li>
					</categories>
				</filter>
				<count>2</count>
			</li>
			<li>
				<filter>
					<thingDefs>
						<li>Eye</li>
					</thingDefs>
				</filter>
				<count>1</count>
			</li>
		</ingredients>
		<fixedIngredientFilter>
			<categories>
				<li>Medicine</li>
			</categories>
			<thingDefs>
				<li>Eye</li>
			</thingDefs>
		</fixedIngredientFilter>
		<appliedOnFixedBodyParts>
			<li>Eye</li>
		</appliedOnFixedBodyParts>
	</RecipeDef>

	<RecipeDef ParentName="SurgeryInstallOrgan">
		<defName>InstallNaturalNose</defName>
		<label>install nose</label>
		<description>Install a biological nose.</description>
		<jobString>Installing nose.</jobString>
		<ingredients>
			<li>
				<filter>
					<categories>
						<li>Medicine</li>
					</categories>
				</filter>
				<count>2</count>
			</li>
			<li>
				<filter>
					<thingDefs>
						<li>Nose</li>
					</thingDefs>
				</filter>
				<count>1</count>
			</li>
		</ingredients>
		<fixedIngredientFilter>
			<categories>
				<li>Medicine</li>
			</categories>
			<thingDefs>
				<li>Nose</li>
			</thingDefs>
		</fixedIngredientFilter>
		<appliedOnFixedBodyParts>
			<li>Nose</li>
		</appliedOnFixedBodyParts>
	</RecipeDef>

	<RecipeDef ParentName="SurgeryInstallOrgan">
		<defName>InstallNaturalEar</defName>
		<label>install ear</label>
		<description>Install a biological ear.</description>
		<jobString>Installing ear.</jobString>
		<ingredients>
			<li>
				<filter>
					<categories>
						<li>Medicine</li>
					</categories>
				</filter>
				<count>2</count>
			</li>
			<li>
				<filter>
					<thingDefs>
						<li>Ear</li>
					</thingDefs>
				</filter>
				<count>1</count>
			</li>
		</ingredients>
		<fixedIngredientFilter>
			<categories>
				<li>Medicine</li>
			</categories>
			<thingDefs>
				<li>Ear</li>
			</thingDefs>
		</fixedIngredientFilter>
		<appliedOnFixedBodyParts>
			<li>Ear</li>
		</appliedOnFixedBodyParts>
	</RecipeDef>

	<RecipeDef ParentName="SurgeryInstallOrgan">
		<defName>InstallNaturalArm</defName>
		<label>install arm</label>
		<description>Install a biological arm.</description>
		<jobString>Installing arm.</jobString>
		<ingredients>
			<li>
				<filter>
					<categories>
						<li>Medicine</li>
					</categories>
				</filter>
				<count>2</count>
			</li>
			<li>
				<filter>
					<thingDefs>
						<li>Arm</li>
					</thingDefs>
				</filter>
				<count>1</count>
			</li>
		</ingredients>
		<fixedIngredientFilter>
			<categories>
				<li>Medicine</li>
			</categories>
			<thingDefs>
				<li>Arm</li>
			</thingDefs>
		</fixedIngredientFilter>
		<appliedOnFixedBodyParts>
			<li>Arm</li>
		</appliedOnFixedBodyParts>
	</RecipeDef>

	<RecipeDef ParentName="SurgeryInstallOrgan">
		<defName>InstallNaturalHand</defName>
		<label>install hand</label>
		<description>Install a biological hand.</description>
		<jobString>Installing hand.</jobString>
		<ingredients>
			<li>
				<filter>
					<categories>
						<li>Medicine</li>
					</categories>
				</filter>
				<count>2</count>
			</li>
			<li>
				<filter>
					<thingDefs>
						<li>Hand</li>
					</thingDefs>
				</filter>
				<count>1</count>
			</li>
		</ingredients>
		<fixedIngredientFilter>
			<categories>
				<li>Medicine</li>
			</categories>
			<thingDefs>
				<li>Hand</li>
			</thingDefs>
		</fixedIngredientFilter>
		<appliedOnFixedBodyParts>
			<li>Hand</li>
		</appliedOnFixedBodyParts>
	</RecipeDef>

	<RecipeDef ParentName="SurgeryInstallOrgan">
		<defName>InstallNaturalLeg</defName>
		<label>install leg</label>
		<description>Install a biological leg.</description>
		<jobString>Installing leg.</jobString>
		<ingredients>
			<li>
				<filter>
					<categories>
						<li>Medicine</li>
					</categories>
				</filter>
				<count>2</count>
			</li>
			<li>
				<filter>
					<thingDefs>
						<li>Leg</li>
					</thingDefs>
				</filter>
				<count>1</count>
			</li>
		</ingredients>
		<fixedIngredientFilter>
			<categories>
				<li>Medicine</li>
			</categories>
			<thingDefs>
				<li>Leg</li>
			</thingDefs>
		</fixedIngredientFilter>
		<appliedOnFixedBodyParts>
			<li>Leg</li>
		</appliedOnFixedBodyParts>
	</RecipeDef>

	<RecipeDef ParentName="SurgeryInstallOrgan">
		<defName>InstallNaturalFoot</defName>
		<label>install foot</label>
		<description>Install a biological foot.</description>
		<jobString>Installing foot.</jobString>
		<ingredients>
			<li>
				<filter>
					<categories>
						<li>Medicine</li>
					</categories>
				</filter>
				<count>2</count>
			</li>
			<li>
				<filter>
					<thingDefs>
						<li>Foot</li>
					</thingDefs>
				</filter>
				<count>1</count>
			</li>
		</ingredients>
		<fixedIngredientFilter>
			<categories>
				<li>Medicine</li>
			</categories>
			<thingDefs>
				<li>Foot</li>
			</thingDefs>
		</fixedIngredientFilter>
		<appliedOnFixedBodyParts>
			<li>Foot</li>
		</appliedOnFixedBodyParts>
	</RecipeDef>

	<!-- Harvests -->

	<!-- <RecipeDef ParentName="SurgeryFlesh"> -->
	<!-- <defName>RemoveNaturalFoot</defName> -->
	<!-- <label>remove foot</label> -->
	<!-- <description>Remove a natural foot.</description> -->
	<!-- <workerClass>Recipe_RemoveBodyPart</workerClass> -->
	<!-- <jobString>Removing body part.</jobString> -->
	<!-- <workAmount>2000</workAmount> -->
	<!-- <surgerySuccessChanceFactor>1.2</surgerySuccessChanceFactor> -->
	<!-- <ingredients> -->
	<!-- <li> -->
	<!-- <filter> -->
	<!-- <categories> -->
	<!-- <li>Medicine</li> -->
	<!-- </categories> -->
	<!-- </filter> -->
	<!-- <count>1</count> -->
	<!-- </li> -->
	<!-- </ingredients> -->
	<!-- <fixedIngredientFilter> -->
	<!-- <categories> -->
	<!-- <li>Medicine</li> -->
	<!-- </categories> -->
	<!-- </fixedIngredientFilter> -->
	<!-- <appliedOnFixedBodyParts> -->
	<!-- <li>Foot</li> -->
	<!-- </appliedOnFixedBodyParts> -->
	<!-- </RecipeDef> -->

	<!-- <RecipeDef ParentName="SurgeryFlesh"> -->
	<!-- <defName>RemoveNaturalLeg</defName> -->
	<!-- <label>remove leg</label> -->
	<!-- <description>Remove a natural leg.</description> -->
	<!-- <workerClass>Recipe_RemoveBodyPart</workerClass> -->
	<!-- <jobString>Removing body part.</jobString> -->
	<!-- <workAmount>2000</workAmount> -->
	<!-- <surgerySuccessChanceFactor>1.2</surgerySuccessChanceFactor> -->
	<!-- <ingredients> -->
	<!-- <li> -->
	<!-- <filter> -->
	<!-- <categories> -->
	<!-- <li>Medicine</li> -->
	<!-- </categories> -->
	<!-- </filter> -->
	<!-- <count>1</count> -->
	<!-- </li> -->
	<!-- </ingredients> -->
	<!-- <fixedIngredientFilter> -->
	<!-- <categories> -->
	<!-- <li>Medicine</li> -->
	<!-- </categories> -->
	<!-- </fixedIngredientFilter> -->
	<!-- <appliedOnFixedBodyParts> -->
	<!-- <li>Leg</li> -->
	<!-- </appliedOnFixedBodyParts> -->
	<!-- </RecipeDef> -->

</Defs>
