<?xml version="1.0" encoding="UTF-8"?>
<Defs>

	<ThingDef ParentName="BodyPartNaturalBase">
		<defName>Leg</defName>
		<label>leg</label>
		<description>A biological human leg. Basically long meaty sticks that let you move around.</description>
		<statBases>
			<MarketValue>200</MarketValue>
			<Mass>8</Mass>
		</statBases>
	</ThingDef>
	
	<ThingDef ParentName="BodyPartNaturalBase">
		<defName>Foot</defName>
		<label>foot</label>
		<description>A biological human foot. The thing you can put shoes on.</description>
		<statBases>
			<MarketValue>100</MarketValue>
			<Mass>2</Mass>
		</statBases>
	</ThingDef>

	<ThingDef ParentName="BodyPartNaturalBase">
		<defName>Arm</defName>
		<label>arm</label>
		<description>A biological human arm. Arms are like legs, except you can carry stuff with them.</description>
		<statBases>
			<MarketValue>200</MarketValue>
			<Mass>5</Mass>
		</statBases>
	</ThingDef>
	
	<ThingDef ParentName="BodyPartNaturalBase">
		<defName>Hand</defName>
		<label>hand</label>
		<description>A man's best friend.</description>
		<statBases>
			<MarketValue>100</MarketValue>
			<Mass>2</Mass>
		</statBases>
	</ThingDef>

	<ThingDef ParentName="BodyPartNaturalBase">
		<defName>Stomach</defName>
		<label>stomach</label>
		<description>A biological human stomach. Digests food and turns it into energy and nutrients.</description>
		<statBases>
			<MarketValue>350</MarketValue>
			<Mass>2</Mass>
		</statBases>
	</ThingDef>

  <!-- <ThingDef ParentName="BodyPartNaturalBase">
    <defName>Heart</defName>
    <label>heart</label>
    <description>A biological human heart. Pumps blood around the body.</description>
    <statBases>
      <MarketValue>1000</MarketValue>
      <Mass>1</Mass>
    </statBases>
  </ThingDef>

  <ThingDef ParentName="BodyPartNaturalBase">
    <defName>Lung</defName>
    <label>lung</label>
    <description>A biological human lung. A pair of these form the core of the human respiratory system.</description>
    <statBases>
      <MarketValue>900</MarketValue>
      <Mass>1</Mass>
    </statBases>
  </ThingDef>

  <ThingDef ParentName="BodyPartNaturalBase">
    <defName>Kidney</defName>
    <label>kidney</label>
    <description>A biological human kidney. Filters and removes waste products from the blood.</description>
    <statBases>
      <MarketValue>900</MarketValue>
      <Mass>1</Mass>
    </statBases>
  </ThingDef>

  <ThingDef ParentName="BodyPartNaturalBase">
    <defName>Liver</defName>
    <label>liver</label>
    <description>A biological human liver. Plays an important role in metabolism.</description>
    <statBases>
      <MarketValue>900</MarketValue>
      <Mass>2</Mass>
    </statBases>
  </ThingDef> -->

	<ThingDef ParentName="BodyPartNaturalBase">
		<defName>Eye</defName>
		<label>eyeball</label>
		<description>A biological human eyeball. Absorbs light, which lets a person know what's around them.</description>
		<statBases>
			<MarketValue>200</MarketValue>
			<Mass>0.3</Mass>
		</statBases>
	</ThingDef>

	<ThingDef ParentName="BodyPartNaturalBase">
		<defName>Nose</defName>
		<label>nose</label>
		<description>A biological human nose. A pretty useful organ to distinguish odors, applies the finishing touch to a face.</description>
		<statBases>
			<MarketValue>50</MarketValue>
			<Mass>0.2</Mass>
		</statBases>
	</ThingDef>

	<ThingDef ParentName="BodyPartNaturalBase">
		<defName>Ear</defName>
		<label>ear</label>
		<description>A biological human ear. Picks up vibrations in the air, allowing people to hear sound.</description>
		<statBases>
			<MarketValue>50</MarketValue>
			<Mass>0.3</Mass>
		</statBases>
	</ThingDef>

	<ThingDef ParentName="BodyPartNaturalBase">
		<defName>Jaw</defName>
		<label>jaw</label>
		<description>A biological human jaw. A nice set of teeth for chewing food and talking.</description>
		<statBases>
			<MarketValue>75</MarketValue>
			<Mass>1</Mass>
		</statBases>
	</ThingDef>

</Defs>